/* import data */
INSERT INTO category(id, name) VALUES(1, 'Top 10');
INSERT INTO category(id, name) VALUES(2, 'Salat');
INSERT INTO category(id, name) VALUES(3, 'Pizza');
INSERT INTO category(id, name) VALUES(4, 'Pasta');
INSERT INTO category(id, name) VALUES(5, 'Gebackenes');
INSERT INTO category(id, name) VALUES(6, 'Grill');
INSERT INTO category(id, name) VALUES(7, 'Kebap');
INSERT INTO category(id, name) VALUES(8, 'Beilagen');
INSERT INTO category(id, name) VALUES(9, 'Nachspeisen');
INSERT INTO category(id, name) VALUES(10, 'Vegetarisch');
INSERT INTO category(id, name) VALUES(11, 'Vegan');
INSERT INTO category(id, name) VALUES(12, 'Alkoholfreie Getränke');
INSERT INTO category(id, name) VALUES(13, 'Alkoholische Getränke');
INSERT INTO product(id, name, price) VALUES(1, 'Getrocknete Apfelstücke 500 Gramm', 7.99);
INSERT INTO product(id, name, price) VALUES(2, 'Getrocknete Bananenstücke 500 Gramm', 7.99);
INSERT INTO product(id, name, price) VALUES(3, 'Getrocknete Pflaumenstücke Bio 500 Gramm', 9.99);
INSERT INTO product(id, name, price) VALUES(4, 'Pizza Margherita', 8.20);
INSERT INTO product(id, name, price) VALUES(5, 'Pizza Calzone', 8.80);
INSERT INTO product(id, name, price) VALUES(6, 'Spaghetti Bolognese', 6.20);
INSERT INTO product(id, name, price) VALUES(7, 'Nudeln mit gebackenen Huhn', 6.20);
INSERT INTO product(id, name, price) VALUES(8, 'Cevapcici mit Reis und Salat', 8.80);
INSERT INTO product(id, name, price) VALUES(9, 'Dürüm', 4.50);
INSERT INTO product(id, name, price) VALUES(10, 'Kartoffelsalat', 3.60);
INSERT INTO product(id, name, price) VALUES(11, 'Apfelstrudel', 3.20);
INSERT INTO product(id, name, price) VALUES(12, 'Nudeln mit Gemüsesauce', 3.20);
INSERT INTO product(id, name, price) VALUES(13, 'Espresso', 3.20);
INSERT INTO product(id, name, price) VALUES(14, 'Freistädter Halbe Bier', 4.20);
INSERT INTO product_category(product_id, category_id) VALUES(1, 1);
INSERT INTO product_category(product_id, category_id) VALUES(1, 9);
INSERT INTO product_category(product_id, category_id) VALUES(1, 10);
INSERT INTO product_category(product_id, category_id) VALUES(1, 11);
INSERT INTO product_category(product_id, category_id) VALUES(2, 1);
INSERT INTO product_category(product_id, category_id) VALUES(2, 9);
INSERT INTO product_category(product_id, category_id) VALUES(2, 10);
INSERT INTO product_category(product_id, category_id) VALUES(2, 11);
INSERT INTO product_category(product_id, category_id) VALUES(3, 1);
INSERT INTO product_category(product_id, category_id) VALUES(3, 9);
INSERT INTO product_category(product_id, category_id) VALUES(3, 10);
INSERT INTO product_category(product_id, category_id) VALUES(3, 11);
INSERT INTO product_category(product_id, category_id) VALUES(4, 3);
INSERT INTO product_category(product_id, category_id) VALUES(5, 3);
INSERT INTO product_category(product_id, category_id) VALUES(6, 4);
INSERT INTO product_category(product_id, category_id) VALUES(7, 5);
INSERT INTO product_category(product_id, category_id) VALUES(8, 1);
INSERT INTO product_category(product_id, category_id) VALUES(8, 6);
INSERT INTO product_category(product_id, category_id) VALUES(9, 7);
INSERT INTO product_category(product_id, category_id) VALUES(10, 2);
INSERT INTO product_category(product_id, category_id) VALUES(10, 8);
INSERT INTO product_category(product_id, category_id) VALUES(11, 1);
INSERT INTO product_category(product_id, category_id) VALUES(11, 9);
INSERT INTO product_category(product_id, category_id) VALUES(12, 10);
INSERT INTO product_category(product_id, category_id) VALUES(13, 12);
INSERT INTO product_category(product_id, category_id) VALUES(14, 13);

INSERT INTO customer(id, firstname, secondname, street, housenumber, plz, city) VALUES(1, 'Max', 'Mustermann', 'Straße', 3, 4020, 'Linz');
INSERT INTO orders(id, creationdate, paymentmethod, customer_id) VALUES(1, now(), 'creditcard', 1);
INSERT INTO product_order_amount(id, product_id, order_id, amount) VALUES(1, 5, 1, 5);